
/*!40101 SET NAMES utf8 */;

/*!40101 SET SQL_MODE=''*/;

/*!40014 SET @OLD_UNIQUE_CHECKS=@@UNIQUE_CHECKS, UNIQUE_CHECKS=0 */;
/*!40101 SET @OLD_SQL_MODE=@@SQL_MODE, SQL_MODE='NO_AUTO_VALUE_ON_ZERO' */;
/*!40111 SET @OLD_SQL_NOTES=@@SQL_NOTES, SQL_NOTES=0 */;
/*Table structure for table `model_has_permissions` */

DROP TABLE IF EXISTS `model_has_permissions`;

CREATE TABLE `model_has_permissions` (
  `permission_id` bigint(20) unsigned NOT NULL,
  `model_type` varchar(191) COLLATE utf8mb4_unicode_ci NOT NULL,
  `model_id` bigint(20) unsigned NOT NULL,
  PRIMARY KEY (`permission_id`,`model_id`,`model_type`),
  KEY `model_has_permissions_model_id_model_type_index` (`model_id`,`model_type`),
  CONSTRAINT `model_has_permissions_permission_id_foreign` FOREIGN KEY (`permission_id`) REFERENCES `permissions` (`id`) ON DELETE CASCADE
) ENGINE=InnoDB DEFAULT CHARSET=utf8mb4 COLLATE=utf8mb4_unicode_ci;

/*Data for the table `model_has_permissions` */

insert  into `model_has_permissions`(`permission_id`,`model_type`,`model_id`) values 
(1,'App\\User',1),
(2,'App\\User',1),
(3,'App\\User',1),
(4,'App\\User',1),
(5,'App\\User',1),
(6,'App\\User',1),
(7,'App\\User',1),
(8,'App\\User',1),
(9,'App\\User',1),
(10,'App\\User',1),
(11,'App\\User',1),
(12,'App\\User',1),
(13,'App\\User',1),
(14,'App\\User',1),
(15,'App\\User',1),
(16,'App\\User',1),
(17,'App\\User',1),
(18,'App\\User',1),
(19,'App\\User',1),
(20,'App\\User',1),
(21,'App\\User',1),
(22,'App\\User',1),
(23,'App\\User',1),
(24,'App\\User',1),
(25,'App\\User',1),
(26,'App\\User',1),
(27,'App\\User',1),
(28,'App\\User',1),
(29,'App\\User',1),
(30,'App\\User',1),
(31,'App\\User',1),
(32,'App\\User',1),
(33,'App\\User',1),
(34,'App\\User',1),
(35,'App\\User',1),
(36,'App\\User',1),
(37,'App\\User',1),
(38,'App\\User',1),
(39,'App\\User',1),
(40,'App\\User',1),
(41,'App\\User',1),
(42,'App\\User',1),
(43,'App\\User',1),
(44,'App\\User',1),
(45,'App\\User',1),
(46,'App\\User',1),
(47,'App\\User',1),
(48,'App\\User',1),
(49,'App\\User',1),
(50,'App\\User',1),
(51,'App\\User',1),
(52,'App\\User',1),
(53,'App\\User',1),
(54,'App\\User',1),
(55,'App\\User',1),
(56,'App\\User',1),
(57,'App\\User',1),
(58,'App\\User',1),
(59,'App\\User',1),
(60,'App\\User',1),
(61,'App\\User',1),
(62,'App\\User',1),
(63,'App\\User',1),
(64,'App\\User',1),
(65,'App\\User',1),
(66,'App\\User',1),
(67,'App\\User',1),
(68,'App\\User',1),
(69,'App\\User',1),
(70,'App\\User',1),
(71,'App\\User',1),
(72,'App\\User',1),
(73,'App\\User',1),
(74,'App\\User',1),
(75,'App\\User',1),
(76,'App\\User',1),
(77,'App\\User',1),
(78,'App\\User',1),
(79,'App\\User',1),
(1,'App\\User',4),
(11,'App\\User',4),
(35,'App\\User',4),
(54,'App\\User',4),
(58,'App\\User',4),
(59,'App\\User',4),
(54,'App\\User',6),
(55,'App\\User',6),
(58,'App\\User',6),
(59,'App\\User',6),
(51,'App\\User',7),
(52,'App\\User',7),
(53,'App\\User',7),
(54,'App\\User',7),
(55,'App\\User',7),
(56,'App\\User',7),
(57,'App\\User',7),
(58,'App\\User',7),
(59,'App\\User',7),
(60,'App\\User',7),
(51,'App\\User',8),
(52,'App\\User',8),
(53,'App\\User',8),
(54,'App\\User',8),
(55,'App\\User',8),
(56,'App\\User',8),
(57,'App\\User',8),
(58,'App\\User',8),
(59,'App\\User',8),
(60,'App\\User',8),
(1,'App\\User',9),
(2,'App\\User',9),
(3,'App\\User',9),
(4,'App\\User',9),
(5,'App\\User',9),
(6,'App\\User',9),
(7,'App\\User',9),
(8,'App\\User',9),
(9,'App\\User',9),
(10,'App\\User',9),
(11,'App\\User',9),
(12,'App\\User',9),
(13,'App\\User',9),
(14,'App\\User',9),
(15,'App\\User',9),
(16,'App\\User',9),
(17,'App\\User',9),
(18,'App\\User',9),
(19,'App\\User',9),
(20,'App\\User',9),
(21,'App\\User',9),
(22,'App\\User',9),
(23,'App\\User',9),
(24,'App\\User',9),
(25,'App\\User',9),
(26,'App\\User',9),
(27,'App\\User',9),
(28,'App\\User',9),
(29,'App\\User',9),
(30,'App\\User',9),
(31,'App\\User',9),
(32,'App\\User',9),
(33,'App\\User',9),
(34,'App\\User',9),
(35,'App\\User',9),
(36,'App\\User',9),
(37,'App\\User',9),
(38,'App\\User',9),
(39,'App\\User',9),
(40,'App\\User',9),
(41,'App\\User',9),
(42,'App\\User',9),
(43,'App\\User',9),
(44,'App\\User',9),
(45,'App\\User',9),
(46,'App\\User',9),
(47,'App\\User',9),
(48,'App\\User',9),
(49,'App\\User',9),
(50,'App\\User',9),
(51,'App\\User',9),
(52,'App\\User',9),
(53,'App\\User',9),
(54,'App\\User',9),
(55,'App\\User',9),
(56,'App\\User',9),
(57,'App\\User',9),
(58,'App\\User',9),
(59,'App\\User',9),
(60,'App\\User',9),
(61,'App\\User',9),
(62,'App\\User',9),
(63,'App\\User',9),
(64,'App\\User',9),
(65,'App\\User',9),
(66,'App\\User',9),
(67,'App\\User',9),
(68,'App\\User',9),
(69,'App\\User',9),
(70,'App\\User',9),
(71,'App\\User',9),
(72,'App\\User',9),
(73,'App\\User',9),
(74,'App\\User',9),
(75,'App\\User',9),
(76,'App\\User',9),
(77,'App\\User',9),
(78,'App\\User',9),
(79,'App\\User',9),
(61,'App\\User',10),
(62,'App\\User',10),
(63,'App\\User',10),
(64,'App\\User',10),
(65,'App\\User',10),
(66,'App\\User',10),
(67,'App\\User',10),
(68,'App\\User',10),
(69,'App\\User',10),
(70,'App\\User',10),
(71,'App\\User',10),
(72,'App\\User',10),
(73,'App\\User',10),
(79,'App\\User',10);

/*Table structure for table `model_has_roles` */

DROP TABLE IF EXISTS `model_has_roles`;

CREATE TABLE `model_has_roles` (
  `role_id` bigint(20) unsigned NOT NULL,
  `model_type` varchar(191) COLLATE utf8mb4_unicode_ci NOT NULL,
  `model_id` bigint(20) unsigned NOT NULL,
  PRIMARY KEY (`role_id`,`model_id`,`model_type`),
  KEY `model_has_roles_model_id_model_type_index` (`model_id`,`model_type`),
  CONSTRAINT `model_has_roles_role_id_foreign` FOREIGN KEY (`role_id`) REFERENCES `roles` (`id`) ON DELETE CASCADE
) ENGINE=InnoDB DEFAULT CHARSET=utf8mb4 COLLATE=utf8mb4_unicode_ci;

/*Data for the table `model_has_roles` */

insert  into `model_has_roles`(`role_id`,`model_type`,`model_id`) values 
(1,'App\\User',1),
(4,'App\\User',3),
(8,'App\\User',4),
(4,'App\\User',5),
(9,'App\\User',6),
(6,'App\\User',7),
(7,'App\\User',8),
(5,'App\\User',9),
(2,'App\\User',10),
(3,'App\\User',11),
(2,'App\\User',13),
(2,'App\\User',14),
(3,'App\\User',15),
(1,'App\\User',16);

/*Table structure for table `permissions` */

DROP TABLE IF EXISTS `permissions`;

CREATE TABLE `permissions` (
  `id` bigint(20) unsigned NOT NULL AUTO_INCREMENT,
  `name` varchar(191) COLLATE utf8mb4_unicode_ci NOT NULL,
  `guard_name` varchar(191) COLLATE utf8mb4_unicode_ci NOT NULL,
  `created_at` timestamp NULL DEFAULT NULL,
  `updated_at` timestamp NULL DEFAULT NULL,
  PRIMARY KEY (`id`)
) ENGINE=InnoDB AUTO_INCREMENT=80 DEFAULT CHARSET=utf8mb4 COLLATE=utf8mb4_unicode_ci;

/*Data for the table `permissions` */

insert  into `permissions`(`id`,`name`,`guard_name`,`created_at`,`updated_at`) values 
(1,'edit posts','web','2019-12-04 16:12:05','2019-12-04 16:12:05'),
(2,'add posts','web','2019-12-04 16:13:05','2019-12-04 16:13:05'),
(3,'view all posts','web','2019-12-04 16:46:04','2019-12-04 16:46:04'),
(4,'delete posts','web','2019-12-04 16:46:04','2019-12-04 16:46:04'),
(5,'add post categories','web','2019-12-04 16:46:04','2019-12-04 16:46:04'),
(6,'edit post categories','web','2019-12-04 16:46:04','2019-12-04 16:46:04'),
(7,'delete post categories','web','2019-12-04 16:46:04','2019-12-04 16:46:04'),
(8,'view all post categories','web','2019-12-04 16:46:04','2019-12-04 16:46:04'),
(9,'add pages','web','2019-12-04 16:46:04','2019-12-04 16:46:04'),
(10,'edit pages','web','2019-12-04 16:46:04','2019-12-04 16:46:04'),
(11,'delete pages','web','2019-12-04 16:46:04','2019-12-04 16:46:04'),
(12,'view all pages','web','2019-12-04 16:46:04','2019-12-04 16:46:04'),
(13,'add sliders','web','2019-12-04 16:46:04','2019-12-04 16:46:04'),
(14,'edit sliders','web','2019-12-04 16:46:04','2019-12-04 16:46:04'),
(15,'delete sliders','web','2019-12-04 16:46:04','2019-12-04 16:46:04'),
(16,'view all sliders','web','2019-12-04 16:46:04','2019-12-04 16:46:04'),
(17,'add photo albums','web','2019-12-04 16:46:04','2019-12-04 16:46:04'),
(18,'edit photo albums','web','2019-12-04 16:46:04','2019-12-04 16:46:04'),
(19,'delete photo albums','web','2019-12-04 16:46:05','2019-12-04 16:46:05'),
(20,'view all photo albums','web','2019-12-04 16:46:05','2019-12-04 16:46:05'),
(21,'add videos','web','2019-12-04 16:46:05','2019-12-04 16:46:05'),
(22,'edit videos','web','2019-12-04 16:46:05','2019-12-04 16:46:05'),
(23,'delete videos','web','2019-12-04 16:46:05','2019-12-04 16:46:05'),
(24,'view all videos','web','2019-12-04 16:46:05','2019-12-04 16:46:05'),
(25,'edit logos','web','2019-12-04 16:46:05','2019-12-04 16:46:05'),
(26,'edit header footers','web','2019-12-04 16:46:05','2019-12-04 16:46:05'),
(27,'edit general site settings','web','2019-12-04 16:46:05','2019-12-04 16:46:05'),
(28,'add social links','web','2019-12-04 16:46:05','2019-12-04 16:46:05'),
(29,'edit social links','web','2019-12-04 16:46:05','2019-12-04 16:46:05'),
(30,'delete social links','web','2019-12-04 16:46:05','2019-12-04 16:46:05'),
(31,'view all social links','web','2019-12-04 16:46:05','2019-12-04 16:46:05'),
(32,'add members','web','2019-12-04 16:46:05','2019-12-04 16:46:05'),
(33,'edit members','web','2019-12-04 16:46:05','2019-12-04 16:46:05'),
(34,'delete members','web','2019-12-04 16:46:05','2019-12-04 16:46:05'),
(35,'view all members','web','2019-12-04 16:46:05','2019-12-04 16:46:05'),
(36,'add menus','web','2019-12-04 16:46:05','2019-12-04 16:46:05'),
(37,'edit menus','web','2019-12-04 16:46:05','2019-12-04 16:46:05'),
(38,'delete menus','web','2019-12-04 16:46:05','2019-12-04 16:46:05'),
(39,'view all menus','web','2019-12-04 16:46:05','2019-12-04 16:46:05'),
(40,'add widgets','web','2019-12-04 16:46:05','2019-12-04 16:46:05'),
(41,'edit widgets','web','2019-12-04 16:46:05','2019-12-04 16:46:05'),
(42,'delete widgets','web','2019-12-04 16:46:05','2019-12-04 16:46:05'),
(43,'view all widgets','web','2019-12-04 16:46:05','2019-12-04 16:46:05'),
(44,'add widget data','web','2019-12-04 16:46:05','2019-12-04 16:46:05'),
(45,'edit widget data','web','2019-12-04 16:46:05','2019-12-04 16:46:05'),
(46,'delete widget data','web','2019-12-04 16:46:05','2019-12-04 16:46:05'),
(47,'view all widget data','web','2019-12-04 16:46:05','2019-12-04 16:46:05'),
(48,'view all notes','web','2019-12-05 10:24:25','2019-12-05 10:24:25'),
(49,'delete notes','web','2019-12-05 10:24:25','2019-12-05 10:24:25'),
(50,'edit notes','web','2019-12-05 10:24:25','2019-12-05 10:24:25'),
(51,'add draft categories','web','2019-12-05 10:24:25','2019-12-05 10:24:25'),
(52,'edit draft categories','web','2019-12-05 10:24:25','2019-12-05 10:24:25'),
(53,'delete draft categories','web','2019-12-05 10:24:25','2019-12-05 10:24:25'),
(54,'view all draft categories','web','2019-12-05 10:24:26','2019-12-05 10:24:26'),
(55,'add drafts','web','2019-12-05 10:24:26','2019-12-05 10:24:26'),
(56,'edit drafts','web','2019-12-05 10:24:26','2019-12-05 10:24:26'),
(57,'delete drafts','web','2019-12-05 10:24:26','2019-12-05 10:24:26'),
(58,'view all drafts','web','2019-12-05 10:24:26','2019-12-05 10:24:26'),
(59,'review drafts','web','2019-12-05 10:24:26','2019-12-05 10:24:26'),
(60,'approve drafts','web','2019-12-05 10:24:26','2019-12-05 10:24:26'),
(61,'add food menu category','web','2019-12-05 10:24:26','2019-12-05 10:24:26'),
(62,'edit food menu category','web','2019-12-05 10:24:26','2019-12-05 10:24:26'),
(63,'delete food menu category','web','2019-12-05 10:24:26','2019-12-05 10:24:26'),
(64,'view all food menu category','web','2019-12-05 10:24:26','2019-12-05 10:24:26'),
(65,'add food menu','web','2019-12-05 10:24:26','2019-12-05 10:24:26'),
(66,'edit food menu','web','2019-12-05 10:24:26','2019-12-05 10:24:26'),
(67,'delete food menu','web','2019-12-05 10:24:26','2019-12-05 10:24:26'),
(68,'view all food menu','web','2019-12-05 10:24:26','2019-12-05 10:24:26'),
(69,'view all meals','web','2019-12-05 10:24:26','2019-12-05 10:24:26'),
(70,'view own meals','web','2019-12-05 10:24:26','2019-12-05 10:24:26'),
(71,'meal entry','web','2019-12-05 10:24:26','2019-12-05 10:24:26'),
(72,'confirm payment','web','2019-12-05 10:24:26','2019-12-05 10:24:26'),
(73,'view meal reports','web','2019-12-05 10:24:26','2019-12-05 10:24:26'),
(74,'add users','web','2019-12-05 10:24:26','2019-12-05 10:24:26'),
(75,'edit users','web','2019-12-05 10:24:26','2019-12-05 10:24:26'),
(76,'delete users','web','2019-12-05 10:24:26','2019-12-05 10:24:26'),
(77,'view all users','web','2019-12-05 10:24:26','2019-12-05 10:24:26'),
(78,'give permissions to user','web','2019-12-05 10:24:26','2019-12-05 10:24:26'),
(79,'view all payments','web','2019-12-05 10:24:26','2019-12-05 10:24:26');

/*Table structure for table `role_has_permissions` */

DROP TABLE IF EXISTS `role_has_permissions`;

CREATE TABLE `role_has_permissions` (
  `permission_id` bigint(20) unsigned NOT NULL,
  `role_id` bigint(20) unsigned NOT NULL,
  PRIMARY KEY (`permission_id`,`role_id`),
  KEY `role_has_permissions_role_id_foreign` (`role_id`),
  CONSTRAINT `role_has_permissions_permission_id_foreign` FOREIGN KEY (`permission_id`) REFERENCES `permissions` (`id`) ON DELETE CASCADE,
  CONSTRAINT `role_has_permissions_role_id_foreign` FOREIGN KEY (`role_id`) REFERENCES `roles` (`id`) ON DELETE CASCADE
) ENGINE=InnoDB DEFAULT CHARSET=utf8mb4 COLLATE=utf8mb4_unicode_ci;

/*Data for the table `role_has_permissions` */

insert  into `role_has_permissions`(`permission_id`,`role_id`) values 
(1,1),
(2,1),
(3,1),
(4,1),
(5,1),
(6,1),
(7,1),
(8,1),
(9,1),
(10,1),
(11,1),
(12,1),
(13,1),
(14,1),
(15,1),
(16,1),
(17,1),
(18,1),
(19,1),
(20,1),
(21,1),
(22,1),
(23,1),
(24,1),
(25,1),
(26,1),
(27,1),
(28,1),
(29,1),
(30,1),
(31,1),
(32,1),
(33,1),
(34,1),
(35,1),
(36,1),
(37,1),
(38,1),
(39,1),
(40,1),
(41,1),
(42,1),
(43,1),
(44,1),
(45,1),
(46,1),
(47,1),
(48,1),
(49,1),
(50,1),
(51,1),
(52,1),
(53,1),
(54,1),
(55,1),
(56,1),
(57,1),
(58,1),
(59,1),
(60,1),
(61,1),
(62,1),
(63,1),
(64,1),
(65,1),
(66,1),
(67,1),
(68,1),
(69,1),
(70,1),
(71,1),
(72,1),
(73,1),
(74,1),
(75,1),
(76,1),
(77,1),
(78,1),
(79,1),
(61,2),
(62,2),
(63,2),
(64,2),
(65,2),
(66,2),
(67,2),
(68,2),
(69,2),
(70,2),
(71,2),
(72,2),
(73,2),
(74,2),
(75,2),
(76,2),
(77,2),
(79,2),
(68,3),
(70,3),
(55,4),
(56,4),
(1,5),
(2,5),
(3,5),
(4,5),
(5,5),
(6,5),
(7,5),
(8,5),
(9,5),
(10,5),
(11,5),
(12,5),
(13,5),
(14,5),
(15,5),
(16,5),
(17,5),
(18,5),
(19,5),
(20,5),
(21,5),
(22,5),
(23,5),
(24,5),
(25,5),
(26,5),
(27,5),
(28,5),
(29,5),
(30,5),
(31,5),
(32,5),
(33,5),
(34,5),
(35,5),
(36,5),
(37,5),
(38,5),
(39,5),
(40,5),
(41,5),
(42,5),
(43,5),
(44,5),
(45,5),
(46,5),
(47,5),
(48,5),
(49,5),
(50,5),
(51,5),
(52,5),
(53,5),
(54,5),
(55,5),
(56,5),
(57,5),
(58,5),
(59,5),
(60,5),
(61,5),
(62,5),
(63,5),
(64,5),
(65,5),
(66,5),
(67,5),
(68,5),
(69,5),
(70,5),
(71,5),
(72,5),
(73,5),
(74,5),
(75,5),
(76,5),
(77,5),
(78,5),
(79,5),
(51,6),
(52,6),
(53,6),
(54,6),
(55,6),
(56,6),
(57,6),
(58,6),
(59,6),
(60,6),
(51,7),
(52,7),
(53,7),
(54,7),
(55,7),
(56,7),
(57,7),
(58,7),
(59,7),
(60,7),
(51,8),
(52,8),
(53,8),
(54,8),
(55,8),
(56,8),
(57,8),
(58,8),
(59,8),
(60,8),
(51,9),
(52,9),
(53,9),
(54,9),
(55,9),
(56,9),
(57,9),
(58,9),
(59,9),
(60,9);

/*Table structure for table `roles` */

DROP TABLE IF EXISTS `roles`;

CREATE TABLE `roles` (
  `id` bigint(20) unsigned NOT NULL AUTO_INCREMENT,
  `name` varchar(191) COLLATE utf8mb4_unicode_ci NOT NULL,
  `guard_name` varchar(191) COLLATE utf8mb4_unicode_ci NOT NULL,
  `created_at` timestamp NULL DEFAULT NULL,
  `updated_at` timestamp NULL DEFAULT NULL,
  PRIMARY KEY (`id`)
) ENGINE=InnoDB AUTO_INCREMENT=10 DEFAULT CHARSET=utf8mb4 COLLATE=utf8mb4_unicode_ci;

/*Data for the table `roles` */

insert  into `roles`(`id`,`name`,`guard_name`,`created_at`,`updated_at`) values 
(1,'Admin','web','2019-12-07 11:43:52','2019-12-07 11:43:52'),
(2,'Mess Manager','web','2019-12-07 11:53:50','2019-12-07 11:53:50'),
(3,'Mess Member','web','2019-12-07 12:00:58','2019-12-07 12:00:58'),
(4,'Branch Clark','web','2019-12-07 13:12:40','2019-12-07 13:12:40'),
(5,'Commander','web','2019-12-07 13:13:17','2019-12-07 13:13:17'),
(6,'GSO-3 Ops','web','2019-12-07 13:20:11','2019-12-07 13:20:11'),
(7,'GSO-3 Edn','web','2019-12-07 13:20:27','2019-12-07 13:20:27'),
(8,'BM','web','2019-12-07 13:21:34','2019-12-07 13:21:34'),
(9,'DQ','web','2019-12-07 13:21:45','2019-12-07 13:21:45');

/*Table structure for table `users` */

DROP TABLE IF EXISTS `users`;

CREATE TABLE `users` (
  `id` bigint(20) unsigned NOT NULL AUTO_INCREMENT,
  `name` varchar(191) COLLATE utf8mb4_unicode_ci NOT NULL,
  `email` varchar(191) COLLATE utf8mb4_unicode_ci NOT NULL,
  `email_verified_at` timestamp NULL DEFAULT NULL,
  `password` varchar(191) COLLATE utf8mb4_unicode_ci NOT NULL,
  `remember_token` varchar(100) COLLATE utf8mb4_unicode_ci DEFAULT NULL,
  `rank` varchar(200) COLLATE utf8mb4_unicode_ci DEFAULT NULL,
  `role_id` int(11) DEFAULT NULL,
  `status` tinyint(2) DEFAULT '1',
  `created_at` timestamp NULL DEFAULT NULL,
  `updated_at` timestamp NULL DEFAULT NULL,
  `deleted_at` timestamp NULL DEFAULT NULL,
  `created_by` int(100) DEFAULT NULL,
  `updated_by` int(100) DEFAULT NULL,
  `deleted_by` int(100) DEFAULT NULL,
  PRIMARY KEY (`id`),
  UNIQUE KEY `users_email_unique` (`email`)
) ENGINE=InnoDB AUTO_INCREMENT=17 DEFAULT CHARSET=utf8mb4 COLLATE=utf8mb4_unicode_ci;

/*Data for the table `users` */

insert  into `users`(`id`,`name`,`email`,`email_verified_at`,`password`,`remember_token`,`rank`,`role_id`,`status`,`created_at`,`updated_at`,`deleted_at`,`created_by`,`updated_by`,`deleted_by`) values 
(1,'Admin','admin@app.com','0000-00-00 00:00:00','$2y$10$92IXUNpkjO0rOQ5byMi.Ye4oKoEa3Ro9llC/.og/at2.uheWG/igi','ZsafFchdkiIrf5GGPt6vpxfGAVE1jzpbids81Ek2ZOxkx6vl8uWBdv35nYhi',NULL,1,1,NULL,'2019-11-04 16:56:09',NULL,NULL,NULL,NULL),
(2,'Admin2','admin2@app.com',NULL,'$2y$10$xXFz/L1hpnZ60HQ5ZHbwX.lnSsHqeVPvKw2ioK0CsGrJ9NF5Ehwhy',NULL,NULL,1,1,'2019-10-31 12:27:47','2019-11-04 18:56:26','2019-12-07 12:59:18',1,NULL,3),
(3,'Md. Tuhin','clark@app.com',NULL,'$2y$10$oc.ga6qnUaNBH/i4OXjUtO4Dnpg7zaifoJsKcjTO.F1fmLm2byJ6K',NULL,NULL,7,1,'2019-11-04 12:27:42','2019-11-04 18:57:15',NULL,1,NULL,1),
(4,'BM','bm@app.com',NULL,'$2y$10$Todf0c.bOIzAKqzyyAMJ7ehEIVY1JqpARXHuaCQ5h7yCWKo8r9jpa',NULL,NULL,3,1,'2019-11-04 12:31:27','2019-11-04 12:31:27',NULL,1,NULL,NULL),
(5,'Branch Clark','bc@app.com',NULL,'$2y$10$uwWexNPw557giXR7Hx7Tu.S72fZfBxfgqYVtaJIVmII7gPk1X.zh2',NULL,NULL,7,1,'2019-11-04 18:57:46','2019-11-04 18:57:46',NULL,1,NULL,NULL),
(6,'DQ','dq@app.com',NULL,'$2y$10$N2G3ukVOWmR1.baeM58ZU.V.yKarDlPnVS1CC3WLKpL52Z9SnPqd6',NULL,NULL,4,1,'2019-11-04 18:58:33','2019-11-04 18:58:33',NULL,1,NULL,NULL),
(7,'GSO-3 Ops','gso_3_ops@app.com',NULL,'$2y$10$ptbFMt2Lyz34XmAvbcDMuemOYqTMQVkyisA3zKFBuLiWYkKOdfP4i',NULL,NULL,5,1,'2019-11-04 18:59:10','2019-11-04 18:59:10',NULL,1,NULL,NULL),
(8,'GSO-3 Edn','gso_3_edn@app.com',NULL,'$2y$10$wyTRWFqPiEU9DQgSrT5TpeuS0Be1qdKpB2ayPsiLnx8kc37.Y48Zm',NULL,NULL,6,1,'2019-11-04 18:59:50','2019-11-04 18:59:50',NULL,1,NULL,NULL),
(9,'Commander','commander@app.com',NULL,'$2y$10$Aig7Shpzcrk01IrZZM/5Hu3wf9CCxn6x3TIUBeh6FPGZKFgah79K.',NULL,'Commander',2,1,'2019-11-04 19:00:19','2019-12-07 15:05:49',NULL,1,1,NULL),
(10,'Mess Manager','mm@app.com',NULL,'$2y$10$IL9mcP5WfEoQUVeyZvYx6./BzS6I0ETSGCuParbAmDaK4iQGNFRrS',NULL,NULL,8,1,'2019-12-04 16:58:57','2019-12-04 16:58:57',NULL,1,NULL,NULL),
(11,'Imran Ahmed','messmember@app.com',NULL,'$2y$10$/Urjo0xIIfpTedq607hX7u/ORO7xbxc5wEMHtkb4wR1GJuDM.usIu',NULL,NULL,9,1,'2019-12-05 16:49:27','2019-12-05 16:49:27',NULL,1,NULL,NULL),
(14,'Md. Faisal Rahman','faisal@app.com',NULL,'$2y$10$cA2GvYxKiljqTFeOJSa4se03MyLH7piy2iR20/Al.CYZo2t7Gzvx6',NULL,NULL,8,1,'2019-12-07 12:52:32','2019-12-07 12:52:32',NULL,1,NULL,NULL),
(15,'Rakib ul karim','rakib@app.com',NULL,'$2y$10$LK..Wbx3ROnB10zfsiLIxu8Jq5zpL17wTs/TWVv8TWD9P1qBxntji',NULL,'N/A',NULL,1,'2019-12-07 13:28:24','2019-12-07 15:07:35',NULL,1,1,NULL),
(16,'Testadmin','testadmin@app.com',NULL,'$2y$10$XfOiP0YA2/uFyva3Il05quQSU8K0Rnm9ywKOGh08mqlKxvd03KWv.',NULL,'Admin',NULL,1,'2019-12-07 15:16:07','2019-12-07 15:45:09','2019-12-07 15:45:09',1,NULL,1);
